
{
    "sum": 6789400,
    "avr": 279.2842451665981,
    "sumMD": 36318,
    "avrMD": 279.3692307692308,
    "sumSD": 34722,
    "avrSD": 267.0923076923077,
    "max": 519,
    "min": 41
}
